{"name":"e签宝解约插件","icon":"assets/12ffbc20-2982-4c8b-80d0-574f99544ed3.jpeg","semver":"1.0","authentication":{"dev_conf":[]},"global_template":{"fields":[{"id":"appid","label":"e签宝appid","description":"","fieldType":"text","isHidden":false,"isEnabled":true,"isRequired":true,"fieldConf":{"isMultiLine":false},"defaultValue":""},{"id":"secret","label":"e签宝密钥","description":"","fieldType":"text","isHidden":false,"isEnabled":true,"isRequired":true,"fieldConf":{"isMultiLine":false},"defaultValue":""}]},"i18n":{"zh_cn":{"name":"e签宝解约插件","icon":"assets/12ffbc20-2982-4c8b-80d0-574f99544ed3.jpeg"}}}