{"name":"termination","seq":3072,"symbol":"func.675aa53fc9f17f27220676ac","runtime":"python310","arguments_template":{"fields":[{"id":"orgName","label":"机构名称","description":"","fieldType":"text","isHidden":false,"isEnabled":true,"isRequired":false,"fieldConf":{"isMultiLine":false},"defaultValue":""},{"id":"psnAccount","label":"发起人手机号","description":"","fieldType":"text","isHidden":false,"isEnabled":true,"isRequired":false,"fieldConf":{"isMultiLine":false},"defaultValue":""},{"id":"signFlowId","label":"签署id","description":"","fieldType":"text","isHidden":false,"isEnabled":true,"isRequired":false,"fieldConf":{"isMultiLine":false},"defaultValue":""},{"id":"rescindReason","label":"解约原因","description":"","fieldType":"select","isHidden":false,"isEnabled":true,"isRequired":true,"fieldConf":{"items":[{"value":"1","text":"1"},{"value":"2","text":"2"},{"value":"3","text":"3"},{"value":"4","text":"4"},{"value":"5","text":"5"}]}},{"id":"rescindReasonNotes","label":"原因说明","description":"","fieldType":"text","isHidden":false,"isEnabled":true,"isRequired":false,"fieldConf":{"isMultiLine":false},"defaultValue":""},{"id":"notifyUrl","label":"回调url","description":"","fieldType":"text","isHidden":false,"isEnabled":true,"isRequired":false,"fieldConf":{"isMultiLine":false},"defaultValue":""}]},"return_template":{"fields":[{"label":"解约id","id":"sign_flow_id","fieldConf":{},"fieldType":"any"}]}}